id,cluster,title
req-heuristic-0001,4,EVSIDS-MTF/PhaseBoost (EMPB): Activity-Recency-Phase Hybrid Branching
req-heuristic-0002,4,Phase-Weighted Activity with Recency (PWAR)
req-heuristic-0003,0,EVSIDS-MTF Hybrid Score (EMHS): Phase-Aware Temporal Activity Branching
req-heuristic-0004,4,RESTART-PHASED HYBRID ACTIVITY (RPHA) Heuristic
req-heuristic-0005,4,R-ACE (Recency-Augmented Conflict-Exploration) Heuristic
req-heuristic-0006,1,STAGE: Stability-Timestamp-Guided EVSIDS Branching
req-heuristic-0007,0,Phase-Aware Adaptive Recency-Weighted EVSIDS (PARWE)
req-heuristic-0008,4,RECAPS: Recent Conflict and Activity Phase-Scoring
req-heuristic-0009,3,EVSIDS-TQBF: Timestamp-Queued Branch Frequency Heuristic
req-heuristic-0010,3,Phase-Adaptive Timestamped Activity (PATA) Heuristic
req-heuristic-0011,1,STAMP: Stable-Timestamp Activity Mixing for Propagation
req-heuristic-0012,4,Conflict-Phase Adaptive Queue Score (CPAQS)
req-heuristic-0013,4,Phase-Aware Conflict-Weighted Timestamp Scoring (PACT)
req-heuristic-0014,4,EVCB: Exponentially-Weighted VSIDS with Conflict-Bump Backoff
req-heuristic-0015,1,DYNASCORE: Dynamic Activity & Recency-Weighted Branching
req-heuristic-0016,3,RECAPS: Recency- and Conflict-Aware Phase-Scored Branching
req-heuristic-0017,5,EVSBUMP: EVSIDS-Bump Hybrid Branching Heuristic
req-heuristic-0018,4,RECAPS: Recency- and Conflict-Aware Phase-Scored branching
req-heuristic-0019,4,PHASE-WEIGHTED RESTART-AWARE SCORING (PHASER)
req-heuristic-0020,6,FAST-Phase Adaptive Score Timestamping (FAST-PAST) Heuristic
req-heuristic-0021,4,Dynamic Phase-Aware EVSIDS (DPA-EVSIDS)
req-heuristic-0022,1,ABES: Activity-Burst with Early-Staleness Branching
req-heuristic-0023,6,Dynamic Conflict-Time-Centric Scoring (DyCTS)
req-heuristic-0024,6,Phase-Aware Recent-Conflict Boosting (PARCB) Heuristic
req-heuristic-0025,4,RELEVANT–RECENCY Variable Scoring (R2VS)
req-heuristic-0026,1,EVSMT: Exponentially-Weighted Stable-Move-To-Front Heuristic
req-heuristic-0027,4,"""Conflict-Phase Adaptive Activity (CPAA) Heuristic"""
req-heuristic-0028,1,SCORE-ADAPT: Stability-Conditioned Ordered Ranking with EVSIDS and Recency
req-heuristic-0029,4,Phase-Aware Conflict-Temporal (PACT) Heuristic
req-heuristic-0030,4,"EVCBT: EVSIDS-Value, Conflict-Boosted Timestamp Heuristic"
req-heuristic-0031,4,DYN-EVSIDS-TQ: Dynamic EVSIDS-Timestamped Queue Branching
req-heuristic-0032,0,PHASE-AWARE ACTIVITY WITH RECENCY (PAAR)
req-heuristic-0033,1,EVSIDS-Recency Hybrid (ERH) Branching Heuristic
req-heuristic-0034,3,AMPHIBIAN – Adaptive Multi-Phase Hybrid Branching via Incremental Activity and Novelty
req-heuristic-0035,0,EVSIDS-MTF Hybrid with Adaptive Phase-Aware Prioritization (EMAP)
req-heuristic-0036,4,Phase-Aware Recency-Weighted Activity (PARWA)
req-heuristic-0037,3,EVSIDS-Biased Temporal Impact (EBTI) Heuristic
req-heuristic-0038,1,EVSIDS-Bump Hybrid (EBH): Adaptive Recency-Weighted Branching
req-heuristic-0039,4,Phase-Adaptive Temporal Activity Score (PATAS)
req-heuristic-0040,3,EVSIDS-Bump Hybrid (EBH) Heuristic
req-heuristic-0041,4,Phase-Aware Conflict-Time Weighted Branching (PACTWB)
req-heuristic-0042,0,RECAP: Recency- and Conflict-Adaptive Priority Heuristic
req-heuristic-0043,1,DAS-BRANCH: Dual-Activity & Staleness Branching
req-heuristic-0044,4,MIRA: Multi-Impact Recency-Augmented Branching Heuristic
req-heuristic-0045,4,DVSIDS-MTF: Decaying VSIDS with Move-to-Front Recency Bias
req-heuristic-0046,4,Phase-Age Weighted EVSIDS (PAWS)
req-heuristic-0047,1,EVCB: Exponentially-Weighted VSIDS with Conflict-Bump Bias
req-heuristic-0049,4,DRVS – Dynamic Recency-Weighted Variable Selection
req-heuristic-0050,4,EVSIDS-Recency Hybrid (ERH) Branching Heuristic
req-heuristic-0051,4,Phase-Aware Adaptive Queue Score (PAQS) Heuristic
req-heuristic-0052,4,Stability-Weighted Activity with Recency Boost (SWAR-B)
req-heuristic-0053,6,Phase-Aware Conflict-Temporal (PACT) Branching Heuristic
req-heuristic-0054,4,EVSIDS-Timestamp Hybrid (ETH) Branching Heuristic
req-heuristic-0055,4,REACTIVSIDS (Recency-Enhanced Adaptive Conflict and Timestamped VSIDS)
req-heuristic-0056,0,PHASE-BOOSTED RECENCY-ACTIVITY (PBRA) Heuristic
req-heuristic-0057,6,EVSIDS-MTF Hybrid Priority (EMHP) Heuristic
req-heuristic-0058,4,EVSIDS-PhaseTrail Hybrid (EPTH) Heuristic
req-heuristic-0059,4,EVSIDS-Recency Phase-Aware Hybrid (ERPAH)
req-heuristic-0060,1,RECAPS: Recency-Enhanced Conflict Activity Priority Scoring
req-heuristic-0061,2,EVSIDS-Age Momentum (EAM) Branching
req-heuristic-0062,3,Hybrid Adaptive Recency-Impact Score (HARIS)
req-heuristic-0063,1,EVRAT: Exponentially-Weighted VSIDS with Recency and Adaptive Tie-breaking
req-heuristic-0064,4,RSM-EV: Recency-Scaled Max-EVSIDS Heuristic
req-heuristic-0065,1,Dual-Phase Temporal Activity Selection (DPTAS)
req-heuristic-0066,4,Recency-Weighted EVSIDS (RW-EVSIDS)
req-heuristic-0067,6,REVIS – Recency-Enhanced VSIDS with Inactivity Suppression
req-heuristic-0068,4,RECAPS: Recency- and EVSIDS-Combined Adaptive Phase-Scoring
req-heuristic-0069,1,EVSBQ: Exponential VSIDS-Boosted Queue Heuristic
req-heuristic-0070,1,EVSIDS-Timestamp Hybrid (ETH) Branching
req-heuristic-0071,5,DASH: Dynamic Activity and Stability Hybrid
req-heuristic-0072,3,QVSIDS-MTF: Queue-Weighted VSIDS with Move-To-Front Boost
req-heuristic-0073,4,EVWAF: Exponential Variable-Weighted Activity with Freshness
req-heuristic-0074,3,STRIDE: Stable-Timestamped Reinforced Interleaved Decision Engine
req-heuristic-0075,1,RIBS: Recency-Impact Balanced Scoring
req-heuristic-0076,4,EVCB: Exponential VSIDS-Conflict-Bump Hybrid
req-heuristic-0077,3,Fused Adaptive Recency-Activity (FARA) Branching
req-heuristic-0078,4,RECAPS — Recency- and Conflict-Adjusted Phase Scoring
req-heuristic-0079,3,RATIO: Recency-Adjusted Temporal Impact Ordering
req-heuristic-0080,3,REVS: Recency-Enhanced VSIDS with Adaptive Phase Steering
req-heuristic-0081,2,Phase-Aware Adaptive Conflict-Recency (PACR) Heuristic
req-heuristic-0082,6,Phase-Aware Conflict-EVSIDS (PACE)
req-heuristic-0083,1,Stabilized Activity & Freshness Branching (SAFB)
req-heuristic-0084,1,Phase-Guided Recency-Weighted EVSIDS (PGRW-EVSIDS)
req-heuristic-0085,6,Phase-Aware EVSIDS-Recency (PAER) Branching
req-heuristic-0086,6,SCORE-MIX: Conflict-Time-Weighted EVSIDS (CTW-EVSIDS)
req-heuristic-0087,6,Reinforced Timestamped Activity Selection (RTAS)
req-heuristic-0088,4,RECAP: Recency- and Conflict-Adjusted Priority
req-heuristic-0089,4,RECENT-ACT: Recency-Weighted EVSIDS Branching
req-heuristic-0090,6,Diversity-Weighted EVSIDS with Recency (DWER)
req-heuristic-0091,6,Phase-Guided Timestamped EVSIDS (PT-EVSIDS)
req-heuristic-0092,0,RMS-Phase Adaptive Branching (RMS-PAB)
req-heuristic-0093,1,DASH: Dual-Activity Scoring with History
req-heuristic-0094,4,RECAPS: Recency- and EVSIDS-Combined Adaptive Phase-Scoring
req-heuristic-0095,1,EVSIDS-MTF Hybrid with Adaptive Phase-Recency (EMAP)
req-heuristic-0096,4,Phase-Aware Conflict History Branching (PACHiB)
req-heuristic-0097,0,Phase-Weighted Adaptive Recency-Impact Selection (PARIS)
req-heuristic-0098,4,EVSIDS-QB Hybrid (EQB): Queue-Biased Activity Branching
req-heuristic-0099,1,EVSIDS-Recency Hybrid (ERH) Branching
req-heuristic-0100,6,EVSIDS-Phase Momentum (EPM) Heuristic
req-heuristic-0101,3,PaRS-VMTF: Phase-aware Recency-Scaled VSIDS with Variable Move-To-Front
req-heuristic-0102,0,Phase-Weighted Activity Queue (PWAQ) Heuristic
req-heuristic-0103,1,REVSID-MTF: Recency-Weighted EVSIDS with Move-to-Front Bias
req-heuristic-0104,4,RECAPS: Recency-Enhanced Conflict and Activity Prioritized Scoring
req-heuristic-0105,5,Conflict-Phase Timestamp Integration (CPTI) Heuristic
req-heuristic-0106,0,Stability-Aware Activity Decay Hybrid (SADH)
req-heuristic-0107,3,PHASE-AWARE RECENT ACTIVITY (PARA) Heuristic
req-heuristic-0108,4,Dual-Phase Adaptive Recency-Impact (DARI) Heuristic
req-heuristic-0109,4,DYN-MIX: Dynamic Multi-Signal Branching
req-heuristic-0110,5,RACE: Recency-Augmented Conflict-Exploration Heuristic
req-heuristic-0111,0,Phase-Guided Dual-Activity Branching (PGDAB)
req-heuristic-0112,2,PHASED-EVSIDS/RECENCY (PER) Heuristic
req-heuristic-0113,1,Recency-Weighted Phase-Aware EVSIDS (ReWiPE)
req-heuristic-0114,4,PHASED-IMPACT EVSIDS (PIE) Heuristic
req-heuristic-0115,4,Adaptive Conflict-Phase Weighted EVSIDS (ACP-EVSIDS)
req-heuristic-0116,4,EVSIDS-MTF Fusion (EMF Branching Heuristic)
req-heuristic-0117,1,Adaptive Conflict Queue-Weighted Activity (ACQWA)
req-heuristic-0118,4,EVSIDS-Phase-Recency Hybrid (EPRH) Heuristic
req-heuristic-0119,4,EVSIDS-MTF Hybrid Activity Score (EMHAS)
req-heuristic-0120,0,Phase-Aware Temporal Activity (PATA) Heuristic
req-heuristic-0121,4,DynaPhase-Impact Score (DPIS) Heuristic
req-heuristic-0122,6,RECENT-IMPACT SAT (RISAT) Heuristic
req-heuristic-0123,4,REACTIV (Recency-Enhanced Activity and Conflict-Time Integrated Variable Selection)
req-heuristic-0124,0,Phase-Aware Conflict Recency Scoring (PACRS)
req-heuristic-0125,4,---
req-heuristic-0126,6,Phase-Aware Time-Weighted EVSIDS (PaTW-EVSIDS) Heuristic
req-heuristic-0127,6,EVSIDS-MTF Hybrid Heuristic (EMH): Conflict-Recency-Guided Branching
req-heuristic-0128,6,EVSIDS-Recency Hybrid (ERH): Recency-Weighted Activity Branching
req-heuristic-0129,0,DASV: Dynamic Activity–Staleness Voting
req-heuristic-0130,4,Phase-Aware Conflict Momentum (PACM) Heuristic
req-heuristic-0131,3,EVSIDS-Recency Hybrid (ERH): Adaptive Activity-Recency Branching
req-heuristic-0132,4,Phase-Impact Adaptive Scoring (PIAS)
req-heuristic-0133,1,EVSIDS-Recency Adaptive Scoring (ERAS)
req-heuristic-0134,6,Phase-Aware Adaptive Recency Activity (PARA) Heuristic
req-heuristic-0135,0,CBLVS: Conflict-Biased Lookback Variable Scoring
req-heuristic-0136,3,RVSIDS-MTF: Recency-Weighted VSIDS with Move-To-Front Smoothing
req-heuristic-0137,4,Conflict-Phased Activity Reweighting (CPAR)
req-heuristic-0138,0,PHaT-EVSIDS: Phase-aware Hybrid Activity and Timestamp EVSIDS
req-heuristic-0139,1,Recency-Weighted Adaptive Stability (RWAS) Heuristic
req-heuristic-0140,0,REVSIDS-QBF: Recency-Enhanced VSIDS with Queue-Based Feedback
req-heuristic-0141,4,Phase-Aware Conflict Impact (PACI) Heuristic
req-heuristic-0142,4,RECAPS: Recency-Enhanced Conflict and Activity Priority Scoring
req-heuristic-0143,2,Phase-Adaptive Temporal Activity (PATA) Heuristic
req-heuristic-0144,5,Adaptive Conflict-Phase Scoring (ACPS)
req-heuristic-0145,1,PHASED-IMPACT HYBRID (PIH) Branching Heuristic
req-heuristic-0146,4,STAGE: Stability- and Timestamp-Adjusted Guided Exploration
req-heuristic-0147,1,RECHARGE: Recency-Enhanced Conflict History Adaptively Ranked Guided Exploration
req-heuristic-0148,6,Phase-Aware Activity Timestamping (PAT) Heuristic
req-heuristic-0149,4,Phase-Aware Hybrid Recency-Activity (PHRA) Heuristic
req-heuristic-0150,1,Recency-Weighted EVSIDS (RW-EVSIDS) Heuristic
req-heuristic-0151,2,Phase-Aware Adaptive Recency Scoring (PAARS)
req-heuristic-0152,4,EVSIDS-Freshness Hybrid (EFH) Heuristic
req-heuristic-0153,1,Dual-Phase Activity Timestamp (DPAT)
req-heuristic-0154,4,Phase-Weighted Queue-EVSIDS (PWQE) Heuristic
req-heuristic-0155,0,Phase-Integrated Recent Activity Scoring (PIRAS)
req-heuristic-0156,0,Phase-Aware Conflict History Scoring (PACHS)
req-heuristic-0157,0,Reinforced Phase-Aware EVSIDS (RPEVSIDS)
req-heuristic-0158,6,RECENT-IMPACT SCORE (RIS): Recency-Weighted EVSIDS for Adaptive Branching
req-heuristic-0159,1,RVSIDS-MT: Recency- and Variability-Weighted Scoring with Immediate Decision Support
req-heuristic-0160,1,Adaptive Activity-Recency Hybrid (AARH) Heuristic
req-heuristic-0161,4,PHASE-ACT: Phase-Guided Activity and Recency Heuristic
req-heuristic-0162,4,Phase-Adaptive Queue-Weighted Activity (PAQWA)
req-heuristic-0163,1,RECAPS – Recent Conflict Adaptive Phase-Weighted Scoring
req-heuristic-0164,1,Phase-Aware Timestamp-EVSIDS Hybrid (PAT-EVSIDS)
req-heuristic-0165,4,DASHSAT: Decay-Adaptive Scoring with Hybrid Stability for SAT
req-heuristic-0166,1,STABLE-BUMP Hybrid Activity Heuristic (SBAH)
req-heuristic-0167,1,FASB: Frequency-Adapted Stability Branching
req-heuristic-0168,6,Phase-Aware Conflict-Centrality (PACC) Heuristic
req-heuristic-0169,1,RECENT-C (Recency-Enhanced Conflict Contribution Heuristic)
req-heuristic-0170,1,RECENT-IMPACT EVSIDS (RIE): Recency-Weighted Conflict-Driven Branching
req-heuristic-0171,0,PHAB: Phase-aware Hybrid Activity & Bump Heuristic
req-heuristic-0172,4,Phase-Guided Recent Activity Scoring (PGRAS)
req-heuristic-0173,4,EVSIDS-Timestamp Hybrid (ETH) Heuristic
req-heuristic-0174,1,EVSIDS-Recency Hybrid (ERH): Activity-Recency Combined Branching
req-heuristic-0175,1,Phase-Aware Conflict History Branching (PACHB)
req-heuristic-0176,4,E2VSIDS-MTF: Exponential EVSIDS with Move-To-Front Recency Boost
req-heuristic-0177,2,Phase-Aware Activity Timestamping (PAAT) Heuristic
req-heuristic-0178,4,RECAPS: Recency-Enhanced Conflict Activity Priority Selection
req-heuristic-0179,4,Phase-Aware Hybrid EVSIDS/Recency (PHAER) Heuristic
req-heuristic-0180,5,STAMP-CHB: Stable Timestamp-Activity Mean Priority with Conflict History Blending
req-heuristic-0181,0,Phase-Aware Conflict-Temporal Scoring (PACT)
req-heuristic-0182,4,FAST-BALANCE (Frequency-Adapted Stable Timestamp Branching)
req-heuristic-0183,2,Stability-Aware Recent Impact (SARI) Branching Heuristic
req-heuristic-0184,0,Phase-Aware Timestamped Activity Selection (PATAS)
req-heuristic-0185,4,EVSIDS-MTF Hybrid Branching (EMH)
req-heuristic-0186,1,S2BVS: Stable-Stage Biased Variable Selection
req-heuristic-0187,1,EV-SMTF: Exponential VSIDS with Scaled Move-To-Front
req-heuristic-0188,0,Phase-Aware Recency-Weighted EVSIDS (PARWE)
req-heuristic-0189,6,Phase-Aware Timestamped Hybrid Activity (PATHA) Heuristic
req-heuristic-0190,4,Phase-Aware Hybrid Activity Queue (PHAQ)
req-heuristic-0191,6,RECAPS: Recency-Enhanced Conflict Activity and Phase Stabilized Branching
req-heuristic-0192,1,RECAPS: Recency-Enhanced Conflict Activity Priority Selection
req-heuristic-0193,1,SAW+Q: Stability-Aware Weighted Queue Heuristic
req-heuristic-0194,4,RELEVANCE-BOUNDED DYNAMIC PHASE-AWARE BRANCHING (RBDPAB)
req-heuristic-0195,3,Evict-Most-Conflicted-Target (EMCT) Heuristic
req-heuristic-0196,4,RAVS: Recency-Adjusted Variable Scoring
req-heuristic-0197,1,DASH: Dynamic Activity and Staleness Hybrid
req-heuristic-0198,4,SCORE-Q: Queue-Augmented EVSIDS Branching
req-heuristic-0199,1,REVSQUID: Recency-Enhanced Variable Scoring with Quick Unstable/Stable Integration and Dynamic Tie-breaking
req-heuristic-0200,4,STRIDE: Stochastic Timestamp-Ranked Integrated Dynamic EVSIDS
req-heuristic-0201,1,DASH: Dynamic Activity-Stability Hybrid
req-heuristic-0202,6,EVSIDS-Stability Hybrid with Conflict Recency Boost (ESCRB)
req-heuristic-0203,4,"DASH: Dynamic Activity, Stability, and History Heuristic"
req-heuristic-0204,3,RECENT-CONFLICT PHASE-AWARE EVSIDS (RC-PAE)
req-heuristic-0205,0,REACTIVSIDS: Recency-and-Activity-Integrated VSIDS
req-heuristic-0206,6,Dual-Phase Conflict-Temporal Scoring (DPCTS)
req-heuristic-0207,4,MIRA – Move-to-Front Informed Relevance Activity Heuristic
req-heuristic-0208,1,Phase-Guided Temporal EVSIDS (PGT-EVSIDS)
req-heuristic-0209,6,Phase-Aware Dynamic Activity Queue (PADAQ) Heuristic
req-heuristic-0210,4,RECHARGE-VSIDS: Recency- and Conflict-Heightened Activity Guided Decision
req-heuristic-0211,4,EVRMS: Exponential VSIDS with Recency-Move-to-Front Scoring
req-heuristic-0212,1,Phase-Aware Temporal EVSIDS (PATEVSIDS) Heuristic
req-heuristic-0213,0,Dual-Phase Adaptive Timestamped Activity (DATSA) Heuristic
req-heuristic-0214,4,RECAP: Recency-Enhanced Conflict Activity Priority
req-heuristic-0215,4,Phase-Aware Conflict-Temporal Activity (PACT) Heuristic
req-heuristic-0216,1,DYNASCORE: Dynamic Activity and Recency-Weighted Branching
req-heuristic-0217,1,STAGE: Stable-Timestamped Adaptive Global Exploration
req-heuristic-0218,0,"DASH: Dynamic Activity, Staleness, and History Heuristic"
req-heuristic-0219,4,DYNAMIC PHASE-BUFFERED CONFLICT-AGE (DPBCA) Heuristic
req-heuristic-0220,4,Dual-Phase Activity Recency Heuristic (DPARH)
req-heuristic-0221,1,Phase-Aware Time-Weighted EVSIDS (PATWE)
req-heuristic-0222,4,EVSIDS-QBF: Queue-Weighted EVSIDS Branching
req-heuristic-0223,2,EVSIDS-Recency Hybrid (ERH) Heuristic
req-heuristic-0224,1,RECAPS: Recency-Enhanced Conflict Activity Priority Scoring
req-heuristic-0225,3,Phase-Aware Conflict-Temporal Scoring (PACT)
req-heuristic-0226,0,Phase-Aware Conflict History Branching (PACHB)
req-heuristic-0227,3,DYNASCORE: Dynamic Activity and Recency Weighted Branching
req-heuristic-0228,1,Dynamic Phase-Aware Recency-Weighted EVSIDS (DyPhase-RWEVSIDS)
req-heuristic-0229,4,STRIDE: Stability-Triggered Recency-Impact Decaying Evaluation
req-heuristic-0230,6,DYNAMIC PHASE-ADAPTIVE SCORE FUSION (DyPAS-F)
req-heuristic-0231,4,RECAPS — Recency- and EVSIDS-Combined Adaptive Phase Scoring
req-heuristic-0232,2,Phase-Aware Conflict History Branching (PACHB)
req-heuristic-0233,0,RECAPS: REcent CAuse and Phase Synergy Heuristic
req-heuristic-0234,4,EVSIDS-Recency Hybrid (ERH) Branching Heuristic
req-heuristic-0235,4,RECAPS: Recency and EVSIDS Combined Adaptive Phase-Scoring
req-heuristic-0236,5,SCORE-MIX: Conflict-Phase Hybrid Branching Heuristic
req-heuristic-0237,3,Stability-Adaptive Timestamped EVSIDS (SATE)
req-heuristic-0238,4,Phase-Weighted Adaptive Recency Impact (PWARI)
req-heuristic-0239,1,STRIDE: Stable-Timestamped Reinforced Inference-Driven Exploration
req-heuristic-0240,0,EVSBUMP: Phase-aware EVSIDS-Recency Hybrid Branching
req-heuristic-0241,3,Phase-Aware Conflict-Temporal Scoring (PACT)
req-heuristic-0242,5,Phase-Aware Adaptive Recency-Impact Score (PARIS)
req-heuristic-0243,2,Phase-Aware Conflict History (PACH) Heuristic
req-heuristic-0244,6,EVSIDS-Recency-Phase (ERP) Branching
req-heuristic-0245,4,Phase-Adaptive EVSIDS with Recency Boost (PAERB)
req-heuristic-0246,4,Phase-Aware Dual Activity Selection (PADAS)
req-heuristic-0247,4,Phase-Aware Temporal Activity Scoring (PATAS)
req-heuristic-0248,5,Phase-Aware Adaptive Conflict Tracking (PACT)
req-heuristic-0249,1,Phase-Weighted Adaptive Queue Scoring (PAQS)
req-heuristic-0250,3,"""Conflict-Phase Adaptive Scoring (CPAS)"""
req-heuristic-0251,5,Reinforced Phase-Aware Conflict History (RePACH) Heuristic
req-heuristic-0252,3,Phase-Aware Conflict-Weighted Queue (PACQ)
req-heuristic-0253,1,Phase-Aware Timestamped EVSIDS (PAT-EVSIDS) Heuristic
req-heuristic-0254,2,EVSIDS-Recency Hybrid (ERH) Heuristic
req-heuristic-0255,6,SERA: Synergistic EVSIDS-Recency Adaptive Heuristic
req-heuristic-0256,1,RECAPS – Recency- and EVSIDS-Combined Adaptive Phase Scoring
req-heuristic-0257,0,PHASE-AWARE RECENT CONFLICT-FOCUSED EVSIDS (PARCE)
req-heuristic-0258,1,Phase-Aware Hybrid Activity and Recency (PHAReR) Heuristic
req-heuristic-0259,3,Dual-Phase Adaptive Conflict Score (DPACS)
req-heuristic-0260,4,EVSIDS-Recency Phase-Guided (ERPG) Heuristic
req-heuristic-0262,1,EVSIDS-Bump Hybrid with Recency Awareness (EBRA)
req-heuristic-0263,5,DynPhaseScore (Dynamic Phase-Weighted Activity Selection)
req-heuristic-0264,1,RECBRANCH: Recency-Enhanced Conflict Branching
req-heuristic-0265,6,RECENT-IMPACT EVSIDS (RIEVSIDS)
req-heuristic-0266,5,PHASED-EVSIDS/Recency Hybrid (PERCH) Heuristic
req-heuristic-0267,1,REACTIVS: Recency-Enhanced Adaptive Conflict-Tracking VSIDS
req-heuristic-0268,4,Phase-Aware Conflict-Time Weighted Activity (PACTWA)
req-heuristic-0269,1,EVSIDS-Recency Hybrid (ERH): Conflict-Active Recency Scoring
req-heuristic-0270,0,EVA-QS: Exponentially-Weighted Activity & Queue Synthesis
req-heuristic-0271,4,"""Phase-Aware Conflict History Score (PACHOS)"""
req-heuristic-0272,1,EVSIDS-Momentum Hybrid (EMH) Branching Heuristic
req-heuristic-0273,4,RECAPS: REcent Conflict-Activity Phase-Sensitive Branching
req-heuristic-0274,3,PHASE-AWARE DYNAMIC ACTIVITY BUMPING (PADAB)
req-heuristic-0275,0,Reinforced Adaptive Stability Heuristic (RASH)
req-heuristic-0276,3,RECENT-IMPACT HYBRID (RIH) Branching Heuristic
req-heuristic-0277,0,Stabilized Conflict-Phase Impact Search (SCOPIS)
req-heuristic-0278,0,EVSIDS-Recency Hybrid (ERH) Branching Heuristic
req-heuristic-0279,4,Stability-Aware Activity & Recency Heuristic (SARAH)
req-heuristic-0280,6,Phase-Aware Timestamped Activity Selection (PATAS)
req-heuristic-0281,4,RECENCY-BOOSTED ADAPTIVE EVSIDS (RBAE)
req-heuristic-0282,0,DynaPhase-Recency Variable Selection (DPRVS)
req-heuristic-0283,4,EVSIDS-Recency Hybrid (ERH): Conflict Activity–Recency Balanced Branching
req-heuristic-0284,6,Stability-Aware Timestamped Activity (SATA) Heuristic
req-heuristic-0285,4,STAMP: Stable-Adaptive Multi-Phase Branching
req-heuristic-0286,4,RECAPS – Recency-Enhanced Conflict Activity with Phase Stabilization
req-heuristic-0287,6,"REACTIVSIDS: Recency-Enhanced, Activity-Targeted VSIDS"
req-heuristic-0288,4,Recency-Aware Adaptive Activity (RAAA) Branching
req-heuristic-0289,0,Stabilized Conflict-Phase Impact Score (SCPIS)
req-heuristic-0290,4,PHASE-AWARE RECENCY SCALED IMPACT (PARSI) Heuristic
req-heuristic-0291,4,RECENT-IMPACT Weighted Activity Selection (RIWAS)
req-heuristic-0292,1,RECAPS: Recency- and EVSIDS-Combined Adaptive Phase-Sensitive Branching
req-heuristic-0293,4,EVSIDS-Recency Hybrid (ERH): Conflict-Driven Activity-Recency Branching
req-heuristic-0294,6,DRMA: Dual-Recency & Multiplicative Activity Heuristic
req-heuristic-0295,4,Stochastic Timestamped Activity Branching (STAB)
req-heuristic-0296,4,EVSIDS-BumpRecency Hybrid (EBRH): Adaptive Activity-Recency Branching
req-heuristic-0297,4,REVSIDS-MTF: Recency-Enhanced Variable State Independent Decaying Sum with Move-To-Front Boost
req-heuristic-0298,0,Phase-Aware Temporal Activity (PATA) Heuristic
req-heuristic-0299,1,DynaPhase Activity-Queue Heuristic (DPAQ)
req-heuristic-0300,1,EVCB: Exponentially-Weighted VSIDS with Conflict-Based Backboost
req-heuristic-0301,4,"DASH: Dynamic Activity, Stability, and History Branching"
req-heuristic-0302,4,REACTIVSIDS: Recency and Activity Integrated Variable Selection with Dynamic Scaling
req-heuristic-0303,3,EVSIDS-Recency Hybrid (ERH) Branching Heuristic
req-heuristic-0304,1,Phase-Aware Conflict Momentum (PACM) Heuristic
req-heuristic-0305,5,Phase-Aware Timestamped EVSIDS (PATE)
req-heuristic-0306,4,SCORE-MIX: Recency-Weighted EVSIDS Branching
req-heuristic-0307,4,Staged Adaptive Activity and Recency (STAAR) Branching
req-heuristic-0308,3,RECAPS – Recency-Enhanced Conflict Activity with Phase Sensitivity
req-heuristic-0309,4,EVSIDS-Recency Hybrid with Adaptive Phase (ERA-Phase) Heuristic
req-heuristic-0310,1,Hybrid Adaptive Recency-EVSIDS (HARE) Heuristic
req-heuristic-0311,1,EVSIDS-RECENCY Hybrid (ERH): Activity-Recency Adaptive Branching
req-heuristic-0312,4,Phase-Aware Conflict History Weighted Score (PACHWS)
req-heuristic-0313,2,EVSIDS-QBF: Queue-Boosted Activity with Adaptive Phase
req-heuristic-0314,1,RECENT-ACT: Recency-Weighted EVSIDS Branching
req-heuristic-0315,4,EVSIDS-MTF Hybrid with Adaptive Recency Scaling (EMARS)
req-heuristic-0316,3,RECAPS: Recency-Calibrated Activity Phase Scoring
req-heuristic-0317,1,Phase-Aware Conflict History (PACH) Branching
req-heuristic-0318,1,DYNAMIC PHASE-ACTIVITY QUEUE (DPAQ) Heuristic
req-heuristic-0319,4,EVSIDS-MTF Adaptive Branch (EMA-Branch)
req-heuristic-0320,3,STAGE: Stability-Aware Timestamp-Guided Activity with Global Exploration
req-heuristic-0321,3,Phase-Guided Timestamped Activity Selection (PGTAS)
req-heuristic-0322,1,EVSIDS-Phase Impact with Recency (EPIR) Heuristic
req-heuristic-0323,1,Phase-Adaptive Temporal Activity (PATA) Heuristic
req-heuristic-0324,3,STABLE-DYNAMIC PHASE-FOCUSED BRANCHING (SDPFB)
req-heuristic-0325,0,Phase-Aware Conflict & Recency Score (PACRS)
req-heuristic-0326,0,DSER (Dynamic Stability-Exploration Ranking) Heuristic
req-heuristic-0327,4,PHASE-DYN: Phase-Aware Dynamic Recency-Weighted Branching
req-heuristic-0328,4,EVSIDS-Recency Hybrid (ERH) Branching Heuristic
req-heuristic-0329,6,EVCB: Exponential-Variance Conflict Bumper
req-heuristic-0330,2,Phase-Aware Dual-Score Branching (PADSB)
req-heuristic-0331,0,PHASE-ADAPTIVE RECENCY-ACTIVITY (PARA) BRANCHING
req-heuristic-0332,1,REACTIVSIDS — Recency- and Activity-Integrated VSIDS
req-heuristic-0333,4,EVSIDS-Frontier Adaptive Branching (E-FAB)
req-heuristic-0334,6,Phase-Aware Temporal Activity (PATA) Branching Heuristic
req-heuristic-0335,0,Phase-Guided Dual-Activity (PGDA) Branching Heuristic
req-heuristic-0336,4,EVSIDS-Bump Hybrid with Recency-Aware Prioritization (EBRAP)
req-heuristic-0337,1,RISS — Recency-Impact Scaled Scoring Heuristic
req-heuristic-0338,1,Phase-Aware Timestamp-Weighted Activity (PATWA)
req-heuristic-0339,1,RECENCY-ACTIVITY PHASE-AWARE (RAPA) Heuristic
req-heuristic-0340,4,"""Phase-Aware Temporal EVSIDS"" (PATEVSIDS)"
req-heuristic-0341,5,RARESAT: Recency-And-Reward Enhanced SAT Branching
req-heuristic-0342,3,Phase-Aware Recent-Conflict Activity (PARCA) Heuristic
req-heuristic-0343,0,Phase-Aware Timestamped Activity (PATA) Heuristic
req-heuristic-0345,0,Phase-Aware Conflict-EVSIDS (PACE)
req-heuristic-0346,4,PHASED-EVSIDS-MTF (Phase-aware EVSIDS with Move-to-Front Boost)
req-heuristic-0347,5,Phase-Aware Timestamped EVSIDS (PATE)
req-heuristic-0348,1,EVSIDS-Recency Hybrid (ERH): Adaptive Activity-Recency Branching
req-heuristic-0349,1,EVSIDS-MTF Hybrid Activity (EMHA) Branching
req-heuristic-0350,0,Phase-Guided Activity Relevance (PGAR)
req-heuristic-0351,4,Phase-Guided Activity with Temporal Penalty (PGATP)
req-heuristic-0352,1,EVSIDS-Recency Hybrid (ERH) Branching Heuristic
req-heuristic-0353,0,Stabilized Adaptive Timestamped Activity (SATA) Heuristic
req-heuristic-0354,0,EVRBS: Exponentially-Weighted VSIDS with Recency and Phase Bias Scoring
req-heuristic-0355,4,RIVS-BT: Recency-Intensified VSIDS with Bias-Tuning
req-heuristic-0356,5,CARES: Conflict- and Activity-Responsive EVSIDS Scoring
req-heuristic-0357,5,EVCBR: Exponential Variable-Conflict-Boosted Ranking
req-heuristic-0358,3,RECAP — Recency- and Conflict-Adaptive Priority branching
req-heuristic-0359,1,RARE: Recency-Augmented Reweighted EVSIDS
req-heuristic-0360,1,QCD (Queue-Conflict Dynamic) Hybrid Branching
req-heuristic-0361,1,EVSIDS-MTF Hybridization with Conflict-Weighted Recency (EMCR)
req-heuristic-0362,0,Hybrid Recency-Weighted Activity Selection (HRWAS)
req-heuristic-0363,1,EVSIDS-Recency Adaptive Branching (ERAB)
req-heuristic-0364,0,PHASE-ADAPTIVE RECENCY-BOOSTED EVSIDS (PARB-EVSIDS)
req-heuristic-0366,5,RIBS: Recency-Impact Balanced Scoring
req-heuristic-0367,4,EVSIDS-MTF Hybrid (EMH) Branching Heuristic
req-heuristic-0368,1,DASH: Dual-Activity Stable Hybrid Heuristic
req-heuristic-0369,1,STAMP: Stable-Phase Activity and Move Priority
req-heuristic-0370,3,RECENT-CONFLICT PHASED EVSIDS (RCPE)
req-heuristic-0371,1,"""Conflict-Weighted Age-and-Activity (CWAA) Branching"""
req-heuristic-0372,4,Hybrid Conflict-Phase Adaptive Scoring (HCPAS)
req-heuristic-0373,2,RECENT-IMPACT EVSIDS (RIEVSIDS)
req-heuristic-0374,1,Phase-Aware Conflict-Weighted Activity (PACWA)
req-heuristic-0375,0,Phase-Aware Conflict and Recency Integrated Scoring (PACRIS)
req-heuristic-0376,6,RECAPS: Recency-Enhanced Conflict Activity Prioritization with Stabilization
req-heuristic-0377,3,REACTIVSIDS (Recency- and Activity-Integrated VSIDS)
req-heuristic-0378,2,PHASED-EVSIDS-RECENCY (PER): Activity-Recency-Phase Hybrid
req-heuristic-0379,0,Phase Adaptive Conflict Impact Score (PACIS)
req-heuristic-0380,3,DYNAMIC RELEVANCE-BOOSTED EVSIDS (DRB-EVSIDS)
req-heuristic-0381,3,STARBRANCH: Stable-Transient Adaptive Recency Branching
req-heuristic-0382,1,RECAPS: Recency-Enhanced Conflict Activity and Phase-Stable Scoring
req-heuristic-0383,5,Phase-Adaptive Conflict History (PACH) Heuristic
req-heuristic-0384,1,DYN-EVSIDS+FTB (Dynamic EVSIDS with Frequency-Timestamp Boost)
req-heuristic-0385,1,EVSIDS-Recency Adaptive Branching (ERAB)
req-heuristic-0386,3,EVSBUMP-PhaseAware: Phase-Weighted EVSIDS/Recency Hybrid
req-heuristic-0387,5,Reinforcement Phase-Aware Variable Selection (RePAVS)
req-heuristic-0388,1,RECENT-IMPACT Weighted Activity (RIWA) Heuristic
req-heuristic-0389,1,Hybrid Stability-Responsive Activity (HSRA) Heuristic
req-heuristic-0390,0,"""Phase-Aware Temporal Activity Selection"" (PATAS)"
req-heuristic-0391,0,Hybrid Phase-Impact Score (HPIS) Heuristic
req-heuristic-0392,4,DynaPhase-EVSIDS: Conflict-Weighted Phase-Adaptive Branching
req-heuristic-0393,0,RECENT-IMPACT DYNAMIC SCORING (RIDS)
req-heuristic-0394,4,SCOREWAVE: Stability-Aware Conflict Oscillation Ranking for Efficient Branching
req-heuristic-0395,1,"S3B: Stable-Phase, Score-Staleness Balanced Branching"
req-heuristic-0396,4,DYNASCORE: Dynamic Activity & Recency-Weighted Branching
req-heuristic-0397,4,STRIDE — Stability-Timestamp-Recency Integrated Dynamic Evaluation
req-heuristic-0398,1,Recency-Weighted Adaptive EVSIDS (RWAEVSIDS)
req-heuristic-0399,4,RECAP: Recency-Enhanced Conflict-Activity Priority Heuristic
req-heuristic-0400,4,Stabilized Timestamp-Weighted VSIDS (STW-VSIDS)
req-heuristic-0401,4,RECENCY-ACTIVITY BALANCED SCORING (RABS)
req-heuristic-0402,4,RECAP – Recency- and EVSIDS-Combined Adaptive Priority
req-heuristic-0403,4,SCORE-AGE: Staged Conflict-Order Reinforced EVSIDS with Age Bias
req-heuristic-0404,1,EVSBQ: Exponentially-Weighted Score with Bump-Queue Timestamp
req-heuristic-0405,1,Phase-Aware Activity with Recency Boost (PAARB)
req-heuristic-0406,4,SCORE-MIX: Conflict-Aware Timestamped Activity Branching
req-heuristic-0407,1,Phase-Adaptive Conflict History (PACH) Heuristic
req-heuristic-0408,4,RAGE-VMTF (Recency-Augmented Global EVSIDS with Variable Move-To-Front)
req-heuristic-0409,5,SCORE-Fusion: Adaptive Conflict-Queue Hybrid (ACQH) Heuristic
req-heuristic-0410,4,RECENT-IMPACT EVSIDS (RIEVSIDS) Heuristic
req-heuristic-0411,1,Stability-Aware Hybrid Queue Score (SHAQS)
req-heuristic-0412,1,DASH: Dynamic Activity & Stability Hybridization
req-heuristic-0413,3,REACTIVSIDS (Recency- and Activity-Coupled VSIDS)
req-heuristic-0414,1,Fused Activity–Recency Branching (FARB)
req-heuristic-0415,4,EVSIDS-RQBlend: Recency-Queued EVSIDS Hybrid Branching
req-heuristic-0416,0,Phase-Adaptive Hybrid Queue (PAHQ) Heuristic
req-heuristic-0417,1,STAMP-CHB: Stable Timestamped Adaptive Multiplexing with Conflict History Bias
req-heuristic-0418,0,DASH: Dynamic Activity-Stability Hybrid
req-heuristic-0419,3,EVSIDS-Recency Hybrid (ERH) Branching Heuristic
req-heuristic-0420,4,RECAPS: Recency- and Conflict-Adapted Priority Scoring
req-heuristic-0421,1,Stabilized Conflict Phase (SCP) Heuristic
req-heuristic-0422,2,Phase-Aware Conflict Temporal Heuristic (PACT)
req-heuristic-0423,3,Reinforced Phase-Aware EVSIDS (RePES)
req-heuristic-0424,4,RECAPS – Recency- and Conflict-Adjusted Phase Scoring
req-heuristic-0425,1,RECENTLY-Augmented EVSIDS (RA-EVSIDS)
req-heuristic-0426,4,SCOREQ: Stable-Conflict-Ordered Relevancy with Queue-awareness
req-heuristic-0427,0,Phase-Aware Conflict-Temporal Branching (PACTB)
req-heuristic-0428,3,STAGE: Stable-Timestamp Adaptive Guided Exploration
req-heuristic-0429,0,RECAP: Recency-Enhanced Conflict Activity with Phase-guided Selection
req-heuristic-0431,5,Dual-Phase Conflict Activity with Recency Boost (DP-CARB)
req-heuristic-0432,1,Phase-Aware Temporal Activity Scoring (PATAS)
req-heuristic-0433,3,RISA: Recency-Integrated Scaled Activity Heuristic
req-heuristic-0434,4,STAMP: Stable-Timestamped Activity Maximization with Phased scoring
req-heuristic-0435,3,Phase-Aware Temporal Activity Branching (PATB)
req-heuristic-0436,4,Hybrid EVSIDS-Recency Impact (HERI) Heuristic
req-heuristic-0437,6,RIVS: Recency-Integrated Variable Scoring
req-heuristic-0438,0,Hybrid Phase-Conflict Adaptive Scoring (HiPCAS) Heuristic
req-heuristic-0439,4,EVSIDS-Momentum Hybrid (EMH) Branching
req-heuristic-0440,1,REACTIV: Recency-Enhanced Activity and Conflict Timestamped Informed Variable
req-heuristic-0441,4,Conflict-Focused Timestamped EVSIDS (CoFiT-EVSIDS) Heuristic
req-heuristic-0442,1,EVSIDS-Time Hybrid (ETH) Branching Heuristic
req-heuristic-0443,4,EVSIDS-Time-Weighted Adaptive Branching (ETWAB)
req-heuristic-0444,6,Phase-Aware Adaptive Recency-Activity Heuristic (PARAH)
req-heuristic-0445,5,Phase-Stabilized Recent-Conflict Activity (PSRCA)
req-heuristic-0446,3,Phase-Aware Conflict Timed Scoring (PACTS)
req-heuristic-0447,6,RISS: Recency-Integrated Stable Scoring
req-heuristic-0448,1,REVSIDS-MTF: Recency-Enhanced Variable Selection with Implicit Decay Scheduling
req-heuristic-0449,1,EVSIDS-Freshness Hybrid (EFH) Branching Heuristic
req-heuristic-0450,0,Phase-Aware Hybrid Conflict-Recency (PHyCoR)
req-heuristic-0451,4,EVSIDS-MTF Hybrid (EMH): Phase-Aware Temporal Recency Heuristic
req-heuristic-0452,4,EVSIDS-QScore: Conflict-Queue Hybrid Branching
req-heuristic-0453,5,Dual-Phase Conflict Impact (DPCI) Heuristic
req-heuristic-0454,1,Phase-Aware Queue-EVSIDS (PAQ-EVSIDS) Heuristic
req-heuristic-0456,4,PHASED-EVSIDS: Phase-Aware Dynamic Activity Branching
req-heuristic-0457,0,EVSIDS-Bump Hybrid with Phase-Targeted Dynamic Scoring (EBD-PTDS)
req-heuristic-0458,4,EVSIDS-Recency Hybrid (ERH) Branching Heuristic
req-heuristic-0459,3,Phase-Aware Adaptive Recency and EVSIDS (PARE)
req-heuristic-0460,0,RECENTLY-IMPACTFUL PHASE-AWARE BRANCHING (RIPAB)
req-heuristic-0461,5,Reinforced Phase-Weighted Activity (RePWA)
req-heuristic-0462,3,PHASED-RECENCY EVSIDS (PREVS): Recency- and Phase-Aware EVSIDS Branching
req-heuristic-0463,4,EVSIDS-Recency Hybrid (ERH) Branching Heuristic
req-heuristic-0464,0,Adaptive Conflict-Phase Relevance (ACPR) Heuristic
req-heuristic-0465,4,Dual-Mode Recency-Weighted Activity (DRWA) Heuristic
req-heuristic-0466,4,Phase-Guided Conflict-EVSIDS (PGCE): Adaptive Activity and Recency Branching
req-heuristic-0467,0,S3D: Stable-Phase Scaled-Score Decider
req-heuristic-0468,0,Phase-Aware Conflict Participation (PACP) Heuristic
req-heuristic-0469,4,Phase-Aware Temporal Activity Selector (PATAS)
req-heuristic-0470,4,Phase-Adaptive Temporal VSIDS (PAT-VSIDS)
req-heuristic-0471,6,PHASE-BOOSTED RECENCY-EVSIDS (PBRE)
req-heuristic-0472,1,REACTIV (Recency-Enhanced Activity Variable Selection)
req-heuristic-0473,4,RECENTLY-IMPACTFUL VARIABLE SELECTION (RIVS)
req-heuristic-0474,1,DASH: Dynamic Activity & Staleness Hybrid
req-heuristic-0475,3,EVSBUMP Hybrid: Conflict-Boosted Activity Scoring
req-heuristic-0476,0,PHASED-RECENCY-EVSIDS (PREVS): Phase-Guided Recency-Weighted EVSIDS Branching
req-heuristic-0477,4,ACTR: Activity-Conflict-Time-Responsive Heuristic
req-heuristic-0478,4,RECAPS: Recency- and Conflict-Aware Phase-Scoring
req-heuristic-0479,1,EVSAT-DYN: Exponentially-Weighted Stable Activity with Timestamped Dynamic Adaptation
req-heuristic-0480,3,EVCB – Exponentially-Weighted VSIDS with Conflict-Bump Boost
req-heuristic-0481,1,FRAT: Frequency-Recency Adaptive Tie-breaking
req-heuristic-0482,0,Phase-Aware Conflict-Guided Timestamp (PACT) Heuristic
req-heuristic-0483,4,FAST-Score: Frequency- and Activity-Scaled Timestamped Scoring
req-heuristic-0484,4,Phase-Aware Conflict-Weighted Move-To-Front (PACW-MTF) Heuristic
req-heuristic-0486,1,DASH: Dynamic Activity and Stability Hybrid
req-heuristic-0487,3,RECENTLY CONFLICTED EVSIDS (RCEVSIDS) Branching
req-heuristic-0488,3,Recency-Weighted Activity Branching (RWAB)
req-heuristic-0489,6,RECAP-VSIDS (Recency and Conflict Activity Priority VSIDS)
req-heuristic-0490,4,Reinforced Activity Timestamp (RAT) Heuristic
req-heuristic-0491,0,Phase-Aware Recency-Weighted Activity (PARWA) Branching Heuristic
req-heuristic-0492,4,DynQSIDS: Dynamic Queue-Stabilized Impact Decision Scoring
req-heuristic-0493,1,Phase-Adaptive Timestamp-Weighted EVSIDS (PATWE)
req-heuristic-0494,0,RECAPS: Recency- and Conflict-Aware Phase-Scored Branching
req-heuristic-0495,3,Stability-Aware Temporal Activity (SATA)
req-heuristic-0496,6,EVCB: Exponentially-Weighted VSIDS with Conflict-Bump Awareness
req-heuristic-0497,1,EVSIDS-BurstScore: Temporal-Activity Hybrid Branching
req-heuristic-0498,5,EVSIDS-Recency Adaptive Branching (ERAB)
req-heuristic-0499,1,PHASE-ACT: Phase-aware Hybrid Activity Branching
req-heuristic-0500,4,"""Phase-Aware Temporal Activity (PATA) Heuristic"""
req-heuristic-0501,1,EVCB: Exponential VSIDS with Conflict-Bump Boost
req-heuristic-0502,0,Phase-Aware Conflict History Search (PACHS)
req-heuristic-0503,6,Phase-Aware Timestamped Activity Selection (PATAS)
req-heuristic-0504,3,EVSBUMP: Exponentially-Weighted VSIDS with Recency-Bump Synergy
req-heuristic-0505,1,RECAP – Recency- and EVSIDS-Combined Adaptive Priority Branching
req-heuristic-0506,1,RECAPS: Recency-Enhanced Conflict Activity Phase Selection
req-heuristic-0508,6,Phase-Adaptive Timestamped EVSIDS (PAT-EVSIDS) Heuristic
req-heuristic-0509,1,PHASE-AWARE CONFLICT-TIMESTAMPED EVSIDS (PACT-EVSIDS)
req-heuristic-0510,4,RECAPS: Recency-Enhanced Conflict Activity Plus Phase Stability
req-heuristic-0511,3,PHASE-EVSIDS+ (Phase-Aware Hybrid EVSIDS with Recency Boost)
req-heuristic-0512,1,Dual-Phase Adaptive Activity Scoring (DPAAS)
req-heuristic-0513,4,Phase-Aware Recency-Weighted Activity Selection (PARAS)
req-heuristic-0514,4,DASH: Dynamic Activity-Stability Hybrid
req-heuristic-0515,1,Phase-Aware Timestamped Activity (PATA) Heuristic
req-heuristic-0516,4,EVSIDS-Bump Hybrid with Phase-Target Prioritization (EBH-PT)
req-heuristic-0517,1,EVSIDS-Bump-Age Adaptive Heuristic (EBAAH)
req-heuristic-0518,0,PHASED-IMPACT HYBRID (PIH) Branching Heuristic
req-heuristic-0519,0,PHASED-EVSIDS-RECENCY (PER): Phase-Aware Activity & Recency Branching
req-heuristic-0520,4,"EVSIDS-QBF: Queue-Boosted, Phase-Guided EVSIDS Heuristic"
req-heuristic-0521,4,Phase-Aware Conflict-Temporal Scoring (PACT)
req-heuristic-0522,1,RECAPS: Recency- and Conflict-Adaptive Priority Scoring
req-heuristic-0523,6,EVCB: EVSIDS-Variance Combined Bump Heuristic
req-heuristic-0524,0,DYNMIX: Dynamic Multi-Signal Branching Heuristic
req-heuristic-0525,4,Dynamic Phase-Aware Activity Queue (DPAQ) Heuristic
req-heuristic-0526,1,RECAPS: Recency- and Activity-Combined Adaptive Phase Selection
req-heuristic-0528,4,REVIS: Recency-Enhanced Variable Impact Scoring
req-heuristic-0529,4,"FAST-QSIDS: ""Frequency-Adapted Scoring with Timestamped Queue and Dynamic Stabilization"""
req-heuristic-0530,4,RECAPS — Recency-Enhanced Conflict and Activity Priority Scoring
req-heuristic-0531,1,RELEVANCE-BOOST EVSIDS (RB-EVSIDS)
req-heuristic-0532,3,Averaged Phase-Recency Activity (APRA) Heuristic
req-heuristic-0533,1,EVSIDS-QCB (Queue-Conflict Balanced) Branching
req-heuristic-0534,4,DASH: Dual-Activity & Stability Hybrid Heuristic
req-heuristic-0535,4,EVRBS: Exponential Variable Recency Boosted Scoring
req-heuristic-0536,6,EVCB: Exponential Variable-Conflict Bump
req-heuristic-0537,4,REVSIDS-Q: Recency-Enhanced Variable State-Independent Decaying Sum with Queue Bump Awareness
req-heuristic-0538,0,RECAPS — Recency-Enhanced Conflict Activity with Phase Signal
req-heuristic-0539,4,Adaptive Conflict-Phase Scoring (ACPS)
req-heuristic-0540,1,EVSIDS-Frontier Synthesis (EFS) Branching Heuristic
req-heuristic-0541,4,PHASE-AWARE RECENCY-BOOSTED EVSIDS (PAREB-EVSIDS)
req-heuristic-0542,0,Phase-Aware Temporal Activity Score (PATAS)
req-heuristic-0543,4,PHASED-EVCHB: Phase-Aware EVSIDS & Conflict History Branching
req-heuristic-0544,1,RECAPS: Recency-Enhanced Conflict-Activity Phase-Sensitive Scoring
req-heuristic-0545,0,RESTART-ACT Weighted Hybrid (RAWH) Branching Heuristic
req-heuristic-0546,4,RECAP: Recency- and EVSIDS-Combined Adaptive Prioritization
req-heuristic-0547,6,EVSIDS-Recency Hybrid (ERH) Heuristic
req-heuristic-0548,1,EVSIDS-Recency Hybrid Branch (ERHB)
req-heuristic-0549,4,Phase-Aware Temporal Activity Selection (PATAS)
req-heuristic-0550,2,Stability-Aware Dual-Activity (SADA) Heuristic
req-heuristic-0551,3,EVSIDS-QM: Queue-Managed Conflict Activity Branching
req-heuristic-0552,4,Phase-Aware Timestamped Activity (PATA) Heuristic
req-heuristic-0553,5,EVSIDS-Recency Hybrid (ERH): Activity-Recency Adaptive Branching
req-heuristic-0554,3,Dynamic Impact-Recency Scoring (DIRS)
req-heuristic-0555,4,RECAPS: Recency- and EVSIDS-Combined Adaptive Priority Scoring
req-heuristic-0556,2,SCORE-FUSE: Conflict-Phase Adaptive Variable Scoring
req-heuristic-0557,1,PHASE-AWARE HYBRID ACTIVITY (PHA) Heuristic
req-heuristic-0558,6,Phase-Aware Conflict Momentum (PACM) Heuristic
req-heuristic-0559,6,EVBR: Exponentially-Weighted Bump-and-Recency Heuristic
req-heuristic-0560,2,Phase-Aware Hybrid Recency-Impact Score (PHRIS)
req-heuristic-0561,0,Dynamic Conflict Phase Adaptive Score (DCPAS)
req-heuristic-0562,4,Hybrid Timestamp-Activity Branching (HTAB)
req-heuristic-0563,1,Hybrid Adaptive Activity-Timestamp Selector (HAATS)
req-heuristic-0564,1,Phase-Aware Recent-Conflict Activity (PARCA) Heuristic
req-heuristic-0565,3,PHASED-RECENCY-EVSIDS (PREVSIDS) Heuristic
req-heuristic-0566,3,Reinforced Phase-Aware Conflict-Impact (RePACI) Heuristic
req-heuristic-0567,1,REACTIVSIDS: Recency-Enhanced Activity and Conflict Timing for Variable Selection
req-heuristic-0568,4,EVSIDS-MTF Hybrid Branching (EMB)
req-heuristic-0569,3,Recency-Boosted Adaptive Stable Inactivity Decay (RASID)
req-heuristic-0570,4,Phase-Weighted Conflict History (PWCH) Heuristic
req-heuristic-0571,1,RECAPS: Recency-Enhanced Conflict Activity Propagation Strategy
req-heuristic-0572,5,Phased Conflict-Activity Hybrid (PCAH) Branching
req-heuristic-0573,4,PHASE-AWARE CONFLICT-FOCUSED HYBRID (PACFH) Heuristic
req-heuristic-0574,0,Phase-Aware Conflict-Bump (PACB) Heuristic
req-heuristic-0575,4,RECENT-ACTIVE Hybrid (RAH) Heuristic
req-heuristic-0576,0,"WINS: Weighted Impact, Novelty, and Stability"
req-heuristic-0577,1,Phase-Aware Timestamped EVSIDS (PAT-EVSIDS) Heuristic
req-heuristic-0578,4,EVTSCB: Exponentially-Weighted Timestamped Score with Conflict Boost
req-heuristic-0579,4,Phase-Weighted Activity Timestamping (PWAT)
req-heuristic-0580,1,EVSIDS-Recency Hybrid (ERH) Branching Heuristic
req-heuristic-0581,4,RECENT-CONFLICT ADAPTIVE EVSIDS (RCA-EVSIDS)
req-heuristic-0582,0,Hybrid Temporal-Activity Scoring (HTAS)
req-heuristic-0583,0,Phase-Aware Recent-Conflict Scoring (PARCS)
req-heuristic-0584,1,EVSIDS+Recency Hybrid (ERH) Branching
req-heuristic-0585,1,RECAPS – Recency- and EVSIDS-Combined Adaptive Phase Selection
req-heuristic-0586,4,EVTABB: Exponentially-Weighted VSIDS with Timestamp-Aware Bumping and Balanced Phase
req-heuristic-0587,4,EVSIDS-Phase Adaptive Recency Boost (EPARB)
req-heuristic-0588,4,Phase-Aware Conflict Momentum (PACM) Heuristic
req-heuristic-0589,5,SCORE-FUSE: Phase-Aware Hybrid Activity Heuristic
req-heuristic-0590,3,Phase-Aware Dual-Activity Selection (PADAS)
req-heuristic-0591,3,Conflict-Phase Adaptive Hybrid (CPAH) Branching
req-heuristic-0592,0,EVSIDS-Frequency Temporal Hybrid (EFTH) Branching Heuristic
req-heuristic-0593,4,CABS – Conflict-Aware Bump-Score Heuristic
req-heuristic-0594,1,EVSIDS-Recency Hybrid (ERH): Activity-Recency Adaptive Branching
req-heuristic-0595,1,REVSB: Recency-Enhanced Variable Scoring with Phase Bias
req-heuristic-0596,4,Phase-Aware Temporal-EVSIDS (PAT-EVSIDS)
req-heuristic-0597,0,Phase-Aware Hybrid Recency-EVSIDS (PHR-EVSIDS) Heuristic
req-heuristic-0598,3,Stability-Aware Activity and Recency (STAAR) Heuristic
req-heuristic-0599,1,REACTIVS: Recency-Enhanced Adaptive Conflict & Timestamped VSIDS
req-heuristic-0600,0,Phase-Aware Activity-Recency Heuristic (PAARH)
req-heuristic-0601,1,RECAP: Recency-Enhanced Conflict-Activity Prioritization
req-heuristic-0602,3,DYNASCORE: Dynamic Activity-Recency Hybrid Branching
req-heuristic-0603,0,Phase-Aware EVSIDS-Recency Hybrid (PAER-H)
req-heuristic-0604,4,EVSBQ Hybrid Impact Branching (EHIB)
req-heuristic-0605,1,SCORE: Stable-Conflict-Oriented Recency Enhancement
req-heuristic-0606,4,Recency-Weighted EVSIDS (RW-EVSIDS) Heuristic
req-heuristic-0607,4,REVS+ (Recency-Enhanced Variable Scoring Plus)
req-heuristic-0608,1,DYNBUMP: Dynamic Phase-Aware Conflict & Recency Branching
req-heuristic-0609,4,Dual-Phase Activity Timestamp (DPAT) Heuristic
req-heuristic-0610,0,Hybrid Adaptive Phase-Weighted Activity (HAPWA)
req-heuristic-0611,1,RECENT-IMPACT REACTIVITY (RIR) Branching Heuristic
req-heuristic-0612,6,DRVSAT: Dynamic Recency-Weighted VSIDS with Adaptive Phase Bias
req-heuristic-0613,4,"SAVBIS – Stable-Activity, Volatility, and Bump-Integration Scoring"
req-heuristic-0614,4,DCDC: Dynamic Conflict-Driven Composite Branching
req-heuristic-0615,5,Reinforced Phase-Aware EVSIDS (RPA-EVSIDS)
req-heuristic-0616,0,Phase-Adaptive Conflict-Recency (PACR) Heuristic
req-heuristic-0617,1,PHASED-EVSIDS-QB (Queue-Boosted Phased EVSIDS)
req-heuristic-0618,4,EVCB: EVSIDS-Variance Conflict-Bump Hybrid
req-heuristic-0619,4,Phase-Aware Conflict and Recency Scoring (PACR)
req-heuristic-0620,1,SCORE-Fusion: Adaptive Activity-Recency Branching
req-heuristic-0621,1,EVSBUMP Hybrid Activity with Conflict-Recency Boost (EHCB)
req-heuristic-0622,1,REC-VSIDS: Recency-Enhanced Conflict VSIDS
req-heuristic-0623,4,Phase-Aware Stamped Activity (PASA) Heuristic
req-heuristic-0624,4,PHASE-ADAPTIVE HYBRID ACTIVITY (PAHA) Heuristic
req-heuristic-0625,4,REACTIVSIDS (Recency- and Activity-Integrated Conflict VSIDS)
req-heuristic-0626,2,Phase-Aware Conflict Frequency Scoring (PACFS)
req-heuristic-0627,4,Temporal Activity-Phase Hybrid (TAPH) Heuristic
req-heuristic-0628,4,Phase-Activity Timestamp Hybrid (PATH) Heuristic
req-heuristic-0629,4,Dual-Mode Conflict-Recency Activity (DMCRA) Heuristic
req-heuristic-0630,1,SCORE: Stable-Conflict-Ordered Recent Exploration
req-heuristic-0631,4,REACTIVS: Recency-Enhanced Activity with Conflict-aware Tie-breaking for Variable Selection
req-heuristic-0632,3,PHASED-EVSIDS+RECENCY (PER) Heuristic
req-heuristic-0633,1,Adaptive Conflict-Driven Recency Activity (ACDRA)
req-heuristic-0634,4,EVSIDS-QBF: Queue-Boosted Activity Scoring for Branching
req-heuristic-0635,5,DASH: Dynamic Activity-Stability Hybrid
req-heuristic-0636,1,RECENT-IMPACT EVSIDS (RIEVSIDS) Heuristic
req-heuristic-0637,1,EVSIDS-Bump Hybrid Activity (EBA) Heuristic
req-heuristic-0638,6,RACE: Recency-Augmented Conflict-Exploration Heuristic
req-heuristic-0639,1,Stability-Aware Timestamped Activity (SATA) Heuristic
req-heuristic-0640,1,Phase-Weighted Conflict History (PWCH) Heuristic
req-heuristic-0641,4,EVSIDS-BTF: Exponentially-Weighted VSIDS with Bump-Time Fusion
req-heuristic-0642,1,EVSIDS-Burst Hybrid (EBH): Conflict Burst and Phase-Aware Activity Branching
req-heuristic-0643,3,Phase-Adaptive Temporal Activity (PATA) Heuristic
req-heuristic-0644,6,Phase-Guided Timestamped Activity (PGTA)
req-heuristic-0645,6,RECAPS – Recency- and Conflict-Adjusted Phase-Scored Branching
req-heuristic-0646,0,RACE: Recency-Activity-Conflict Ensemble
req-heuristic-0648,3,Recency-Weighted EVSIDS (REVSIDS) Branching
req-heuristic-0649,4,---
req-heuristic-0650,3,PHASE-AWARE RECENCY-BOOSTED SCORING (PARBS)
req-heuristic-0651,1,SCORE-FUSION: Adaptive Recency-Weighted EVSIDS Branching
req-heuristic-0652,1,Phase-Aware Temporal Activity Selection (PATAS)
req-heuristic-0653,1,EVBQS: Exponential Variable Branching with Queue Synergy
req-heuristic-0654,5,Phase-Adaptive Timestamped EVSIDS (PAT-EVSIDS)
req-heuristic-0655,7,Staged Adaptive Activity–Recency (SAAR) Heuristic
req-heuristic-0656,6,RRS-EVSIDS: Recency-Rewarded Stable EVSIDS
req-heuristic-0657,4,Phased Conflict Activity with Recency Boost (PCARB)
req-heuristic-0658,4,PHASE-DIVERSIFIED DYNAMIC ACTIVITY (PDDA)
req-heuristic-0659,4,RECAPS: Recency-Enhanced Conflict and Activity Priority Selection
req-heuristic-0660,4,Phase-Aware Conflict History Scoring (PACHOS)
req-heuristic-0661,1,EVBT: Exponentially-Weighted Bump-Timestamp Branching
req-heuristic-0662,1,RECAPS: Recent Conflict-Aware Priority Scoring
req-heuristic-0663,4,Dual-Phase Adaptive Recency-Activity (DPARA) Heuristic
req-heuristic-0664,0,Phase-Aware Conflict Stamp (PACS) Branching Heuristic
req-heuristic-0665,1,SCORE-MIX: Adaptive Activity & Recency Branching
req-heuristic-0666,1,Conflicted Queue-EVSIDS Hybrid (CQE-H) Branching
req-heuristic-0667,6,Phase-Aware Conflict-Weighted Timestamp (PACT) Heuristic
req-heuristic-0668,0,EVSIDS-TQ: Temporal-Queue Weighted EVSIDS Heuristic
req-heuristic-0669,1,Phase-Adaptive Temporal Activity Heuristic (PATAH)
req-heuristic-0670,4,EVSIDS-MTF Hybrid (EMH) Branching Heuristic
req-heuristic-0671,0,Phase-Adaptive Temporal Activity (PATA) Heuristic
req-heuristic-0672,4,REXBIS: Recency-Enhanced eVSIDS with Phase-Biased Impact Selection
req-heuristic-0673,4,Phase-Aware Conflict-EVSIDS (PACE) Heuristic
req-heuristic-0674,0,Phase-Aware Activity Score Blending (PASB)
req-heuristic-0675,0,Phase-Adaptive Timestamped Activity (PATA) Heuristic
req-heuristic-0676,0,Phase-Guided Conflict Activity (PGCA)
req-heuristic-0677,6,"""Conflict-Phase Adaptive Recency Score"" (CPARS)"
req-heuristic-0678,4,Recency-Weighted Activity Selection (ReWAS)
req-heuristic-0679,1,RECOVAR: REcent COnflict and VARiable Activity Ranking
req-heuristic-0680,4,EVSIDS-Bump Hybrid with Recency-Aware Rescoring (EVBRAR)
req-heuristic-0681,6,SCORE-FUSE: Conflict-Phase Adaptive Variable Selection
req-heuristic-0682,3,SBRV: Stability-Biased Recency & VSIDS Hybrid
req-heuristic-0683,5,Phase-Aware Recency-Weighted EVSIDS (PARWE)
req-heuristic-0684,4,EVSIDS-Recency Hybrid (ERH) Branching Heuristic
req-heuristic-0685,1,REC-VSIDS: Recency-and-Conflict Enhanced VSIDS
req-heuristic-0686,2,Dual-Phase Timestamped Activity (DPTA) Heuristic
req-heuristic-0687,0,EVSIDS-MTF Hybrid Branching (EMH-Branch)
req-heuristic-0688,3,DYN-EV-MTF: Dynamic EVSIDS–Move-to-Front Hybrid Branching
req-heuristic-0689,0,RECAPS: Recency- and Conflict-Adjusted Phase-Scoring
req-heuristic-0690,5,Phase-Aware Conflict Activity with Recency Boost (PACAR)
req-heuristic-0691,1,EVSBUMP-QS: Exponential VSIDS with Recency Bump & Queue-Scored Branching
req-heuristic-0692,7,Stability-Adaptive Timestamped Activity (SATA)
req-heuristic-0693,3,Dual-Phase Temporal Activity Heuristic (DPTA)
req-heuristic-0694,4,Phase-Aware Dual-Activity Scoring (PADAS)
req-heuristic-0695,1,Phase-Adaptive Conflict-Weighted Queue (PACQ) Heuristic
req-heuristic-0696,0,Reinforced Activity-Recency (RAR) Branching
req-heuristic-0697,4,RECAPS: Recency-Enhanced Conflict Activity and Phase Synergy
req-heuristic-0698,3,Phase-Aware Adaptive Recency-Weighted Scoring (PARWS)
req-heuristic-0699,1,SCORE-FUSE: Conflict-Phase Adaptive Variable Selection
req-heuristic-0700,4,Phase-Aware Dual-Activity (PADA) Branching
req-heuristic-0701,1,Recency-Weighted Activity Selection (RWAS)
req-heuristic-0702,0,Phase-Weighted Queue-EVSIDS (PWQE) Branching
req-heuristic-0703,3,Stability-Aware Conflict and Recency (SACR) Heuristic
req-heuristic-0704,0,Phase-Adaptive Timestamped Activity (PATA) Heuristic
req-heuristic-0705,4,Dual-Phase Conflict-Weighted Timestamp Heuristic (DCTH)
req-heuristic-0706,4,HybriDYN: Hybrid Dynamic Activity & Recency Branching
req-heuristic-0707,3,Phase-Targeted Hybrid Activity (PTHA) Heuristic
req-heuristic-0708,4,D-EMBHeur: Dynamic EVSIDS-Momentum-Boosted Heuristic
req-heuristic-0709,3,REACTIVSIDS: Recency-Enhanced Activity with Conflict-Targeted VSIDS
req-heuristic-0710,4,EVSIDS-Recency Hybrid (ERH)
req-heuristic-0711,1,Phase-Aware Recency-Weighted Activity Selection (PARWAS)
req-heuristic-0712,4,EVSRQ: Exponentially-Weighted Stable Recency Queue
req-heuristic-0713,0,Phase-Weighted Adaptive Recency and Activity (PWARA)
req-heuristic-0714,2,SCORE-FUSION: Adaptive Temporal-EVSIDS Branching
req-heuristic-0715,1,FRAT: Frequency-Recency Activity Tiebreaker
req-heuristic-0716,5,EVRBS: Exponential Variable Recency-Boosted Scoring
req-heuristic-0717,4,RECENT-IMPACT EVSIDS (RIEVSIDS)
req-heuristic-0718,6,Phase-Aware Conflict-Impact Branching (PACIB)
req-heuristic-0719,0,Phase-Aware Recency–Activity Modulation (PARAM) Heuristic
req-heuristic-0720,6,EVCB: Exponentially-Weighted VSIDS with Conflict-Based Recency
req-heuristic-0721,1,DynaPhase-EVSIDS (DPE) Heuristic
req-heuristic-0722,0,DYNASCORE: Dynamic Phase-Weighted EVSIDS with Recency Bias
req-heuristic-0723,4,REACTIVS: Recency- and Activity-Integrated Variable Scoring
req-heuristic-0724,1,REVSIDS-Q: Recency-Enhanced Variable State-Independent Decaying Sum with Queue Boost
req-heuristic-0725,1,EVRB: Exponential-Variance-Recency Branching
req-heuristic-0726,4,Phase-Adaptive Timestamped Activity (PATA)
req-heuristic-0727,4,REACTIVSIDS – Recency-Enhanced Activity and Conflict Timestamped Variable Selection
req-heuristic-0728,4,Phase-Adaptive Temporal Activity Scoring (PATAS)
req-heuristic-0729,6,Phase-Aware Temporal EVSIDS (PaTE)
req-heuristic-0730,5,PHASED DYNAMIC RECENCY-ACTIVITY (PDRA) Heuristic
req-heuristic-0731,4,EVSIDS-Burst: Conflict Burst-Aware Activity Heuristic
req-heuristic-0732,4,RECENTLY-BOOSTED PHASE-ACTIVITY (ReBoPA) Heuristic
req-heuristic-0733,5,Phase-Aware Temporal Activity Heuristic (PATH)
req-heuristic-0734,4,Phase-Aware Activity-Time Hybrid (PAATH) Heuristic
req-heuristic-0735,1,EVSIDS-Recency Blend (ERB) Heuristic
req-heuristic-0736,4,EVSIDS-QHybrid: Queue-Augmented Activity Branching
req-heuristic-0737,6,RECAP: Recency-Enhanced Conflict Activity with Phase-guided Branching
req-heuristic-0738,3,Phase-Weighted Activity Timestamp (PWAT) Heuristic
req-heuristic-0739,1,Phase-Aware Temporal Activity Heuristic (PAT-AH)
req-heuristic-0740,6,RECAPS: Recent-Conflict Activity & Phase-Score Heuristic
req-heuristic-0741,4,DYNASCORE: Dynamic Phase-Aware EVSIDS-Recency Hybrid
req-heuristic-0742,1,RECENT-IMPACT EVSIDS (RIEVSIDS)
req-heuristic-0743,1,EVSIDS-Bump Hybrid with Adaptive Recency (EBHAR)
req-heuristic-0744,4,Dual-Phase Timestamped Activity Selection (DPTAS)
req-heuristic-0745,1,EVWAFS: Exponential Variable Weighted Activity & Freshness Selection
req-heuristic-0746,0,Reinforced Adaptive Phase-Weighted EVSIDS (RAP-EVSIDS)
req-heuristic-0747,0,Stabilized Conflict-Timestamp Scoring (SCTS)
req-heuristic-0748,4,REVS: Recency-Enhanced Variable Scoring
req-heuristic-0749,4,Reinforced Phase-Aware EVSIDS (RPA-EVSIDS)
req-heuristic-0750,4,Phase-Aware Hybrid Activity (PAHA) Branching Heuristic
req-heuristic-0751,1,EVSIDS-TMF: Exponential VSIDS with Temporal Move-to-Front Fusion
req-heuristic-0752,6,EVSIDS-Frontier Adaptive Hybrid (EFAH)
req-heuristic-0753,1,RECENT-EVSIDS Hybrid (REH) Heuristic
req-heuristic-0754,1,Phase-Aware Activity with Recent-Bump Boost (PAARBB)
req-heuristic-0755,5,Phase-Aware Adaptive Recency Scoring (PAARS)
req-heuristic-0756,0,Phase-Aware Conflict-Weighted Activity (PACWA)
req-heuristic-0757,4,Phase-Guided Conflict Activity Search (PGCAS)
req-heuristic-0758,5,EVSIDS-Timestamp Hybrid (ETH) Heuristic
req-heuristic-0759,4,RECAP: Recency-Enhanced Conflict Activity Priority
req-heuristic-0760,4,RECAPS: Recency and EVSIDS Combined Adaptive Phase-Score
req-heuristic-0761,4,PHASE-ACT: Phase-Aware Hybrid Activity Heuristic
req-heuristic-0762,1,Dual-Mode Temporal Activity (DMTA) Heuristic
req-heuristic-0763,6,Phase-Aware Staged Activity Re-Ranking (PSTAR)
req-heuristic-0764,4,DASH: Dynamic Activity & Stability Hybrid
req-heuristic-0765,4,Phase-Weighted Activity Heuristic (PWAH)
req-heuristic-0766,2,Dual-Phase Adaptive Recency-EVSIDS (DARE) Heuristic
req-heuristic-0767,4,Dual-Phase Impact-Recency (DPIR) Heuristic
req-heuristic-0768,1,DASH: Dynamic Activity and Stability Hybrid
req-heuristic-0769,1,Conflict-Phase Adaptive EVSIDS (CPAEVSIDS)
req-heuristic-0770,1,Adaptive Two-Phase Activity-Recency (ATPAR) Heuristic
req-heuristic-0771,3,Adaptive Phase-Aware Timestamped EVSIDS (APATE)
req-heuristic-0772,4,EVSIDS-Recency Hybrid (ERH) Branching Heuristic
req-heuristic-0773,0,PHASE-ACT: Phase-aware Hybrid Activity Branching
req-heuristic-0774,3,EVCB: Exponential VSIDS with Conflict-Bump Hybridization
req-heuristic-0775,5,REC-Score (Recency-Enhanced Conflict Score)
req-heuristic-0776,1,SAVB: Stable-Activity with Variable Bump Fusion
req-heuristic-0777,0,Dynamic Phase-Stabilized Activity (DPSA) Heuristic
req-heuristic-0778,4,Dynamic Phase-Weighted EVSIDS (DPWEVSIDS)
req-heuristic-0779,0,Phase-Integrated Adaptive Recent-Conflict (PIARC) Heuristic
req-heuristic-0780,4,RECENT-ACT: Recency-Weighted EVSIDS Branching
req-heuristic-0781,4,EVRB: Exponential Value-Recency Branching
req-heuristic-0782,0,Dynamic Recency-Weighted EVSIDS (DRW-EVSIDS)
req-heuristic-0783,4,PHASED-EVSIDS/RECENCY (PER): Phase-Aware Hybrid Activity-Recency Branching
req-heuristic-0784,4,EVSIDS-Timestamp Hybrid (ETH) Branching Heuristic
req-heuristic-0785,4,Hybrid Temporal-EVSIDS (HTE) Heuristic
req-heuristic-0786,0,CBR-VMTF: Conflict-Burst Responsive Variable Move-To-Front Heuristic
req-heuristic-0787,3,Phase-Aware Recency-Weighted Activity (PARWA)
req-heuristic-0788,0,Phase-Adaptive Recency-Weighted EVSIDS (PARWE)
req-heuristic-0789,1,Phase-Aware Activity Queue (PAAQ) Heuristic
req-heuristic-0790,1,EVSIDS-Burst Adaptive Queue (EBAQ) Heuristic
req-heuristic-0791,0,SCORE-MIX: Conflict-Phase Adaptive Branching Heuristic
req-heuristic-0792,4,EVSBUMP: Conflict-Weighted EVSIDS with Adaptive Recency Boost
req-heuristic-0793,4,RECAPS – REcently CAnflited Phase-Sensitive Branching
req-heuristic-0794,4,EVT-Mix: Exponential VSIDS Timestamped Mixing
req-heuristic-0795,1,EVSIDS-Recency Hybrid (ERH): Conflict-Recency Weighted Activity Branching
req-heuristic-0796,5,Phase-Aware Adaptive Timestamped Activity (PATTA)
req-heuristic-0797,1,EVSIDS-Bump Hybrid with Recency-Aware Exploration (EBRAX)
req-heuristic-0798,1,EVSTB: Exponentially-Weighted Stable Timestamp Branching
req-heuristic-0799,6,RECAPS: REcent Conflict Activity with Phase Sensitivity
req-heuristic-0800,4,Expo-Recency Weighted Activity (ERWA) Heuristic
req-heuristic-0801,4,Stability-Aware Conflict Momentum (SACM) Heuristic
req-heuristic-0802,4,EVSIDS-Recency Adaptive Branching (ERAB)
req-heuristic-0803,0,EVIPR: Exponential Variable Impact and Phase Reuse
req-heuristic-0804,1,RECAPS: Recency-Enhanced Conflict Activity Prioritized Scoring
req-heuristic-0805,6,EVSIDS-Recency Adaptive Hybrid (ERAH) Heuristic
req-heuristic-0806,4,PHaST: Phase-Adaptive Hybrid Score and Timestamp Heuristic
req-heuristic-0807,4,RTVS: Recency-Tempered Variable Scoring
req-heuristic-0809,1,Recency-Weighted Adaptive Activity (RWAA)
req-heuristic-0810,2,RECAPS: Recent-Conflict Activity and Phase-Score Heuristic
req-heuristic-0811,4,EVSIDS-RMTF (Recency-Modulated Targeted EVSIDS)
req-heuristic-0812,1,DASH: Dynamic Activity and Stability Hybrid
req-heuristic-0813,6,EVSIDS-Queue Hybrid (EQH): Conflict Activity with Recentness Boost
req-heuristic-0814,1,RECAPS – Recency- and EVSIDS-Combined Adaptive Priority Scoring
req-heuristic-0815,4,Phase-Aware Recency-EVSIDS (PAREVSIDS) Branching
req-heuristic-0816,3,EVSIDS-Recency Hybrid (ERH): Conflict-Weighted Recency Branching
req-heuristic-0817,1,Phase-Aware Recency-Weighted EVSIDS (PARWE) Heuristic
req-heuristic-0818,4,FAST-Adapt: Frequency-Adjusted Stable Target Branching
req-heuristic-0819,0,Phase-Adaptive Conflict-Weighted EVSIDS (PACWE)
req-heuristic-0820,0,RECENT-ACTIVITY PHASE-ADAPTIVE (RAPA) Heuristic
req-heuristic-0821,0,Phase-Aware Adaptive Recency-EVSIDS (PARE)
req-heuristic-0822,5,Conflict-Weighted Adaptive Timestamp Heuristic (CWAT)
req-heuristic-0823,6,RISS: Recency-Influenced Stable Scoring
req-heuristic-0824,4,RECAPS (Recency-Enhanced Conflict Activity with Phase Synchronization)
req-heuristic-0825,0,EVSIDS-Recency Phase-Weighted Branching (ERPWB)
req-heuristic-0826,1,Recency-Aware Adaptive EVSIDS (RA2-EVSIDS)
req-heuristic-0827,4,Stability-Weighted Timestamped Activity (SWTA) Heuristic
req-heuristic-0828,6,Phase-Aware Conflict Momentum (PACM) Heuristic
req-heuristic-0829,4,RECAPS: Recency- and Conflict-Adjusted Priority Scoring
req-heuristic-0830,4,Dual-Phase Recency-Weighted Activity (DPRWA)
req-heuristic-0831,4,EVSIDS-PhaseBoost with Recency Awareness (EPRA)
req-heuristic-0832,3,Dual-Phase Adaptive Conflict Proximity (DP-ACP) Branching
req-heuristic-0833,4,Conflict-Weighted Phase-Aware Scoring (CWPAS)
req-heuristic-0834,1,Phase-Aware Conflict-Boosted Activity (PACBA) Heuristic
req-heuristic-0835,1,EVSIDS-Recency Hybrid (ERH) Branching Heuristic
req-heuristic-0836,1,RECAPS: Recency-Enhanced Conflict Activity and Phase Score
req-heuristic-0837,0,RESTART-AWARE ACTIVITY QUEUE (RAQ) Heuristic
req-heuristic-0838,3,DYNAMIC PHASE-AWARE ACTIVITY (DPAA) Heuristic
req-heuristic-0839,1,SCORE-FUSE: Conflict & Recency Fused Branching Heuristic
req-heuristic-0840,0,EVSIDS-Recency Fusion (ERF) Heuristic
req-heuristic-0841,4,Phase-Aware Timestamped Reward Selection (PATRS)
req-heuristic-0842,0,RECAPS: REcent Conflict Activity & Phase Synergy
req-heuristic-0843,4,Stabilized Conflict-Phase Impact Score (SCOPIS)
req-heuristic-0844,4,Recency-Weighted EVSIDS (RW-EVSIDS) Branching
req-heuristic-0845,3,Phase-Aware Recency-Weighted Activity (PARWA)
req-heuristic-0846,0,RECAPS: Recent-Conflict Adaptive Phase-Scored branching
req-heuristic-0847,2,Phase-Guided Hybrid Activity (PGHA) Heuristic
req-heuristic-0848,1,RECHARGE (Recency-Enhanced Conflicted High-Activity Ranking for Guided Exploration)
req-heuristic-0849,4,EVSIDS-Bump Hybrid with Recency Bias (EHRB)
req-heuristic-0850,4,EVSIDS-Recency Hybrid (ERH) Branching Heuristic
req-heuristic-0851,0,AVSIDS-MTF (Adaptive VSIDS with Move-To-Front Synergy)
req-heuristic-0852,1,REACTIV: Recency-Enhanced Activity with Conflict-Triggered Injection Variable Selection
req-heuristic-0853,2,PHASE-AWARE RECENCY-BOOSTED EVSIDS (PAREB-EVSIDS)
req-heuristic-0854,4,EVSIDS-Recency Hybrid (ERH): Recency-Weighted Activity Branching
req-heuristic-0855,4,Phased Adaptive Recency-Weighted Impact Selection (PARIS)
req-heuristic-0856,3,Hybrid Decay-Recency Branching (HDRB)
req-heuristic-0857,0,PHASE-AWARE ADAPTIVE ACTIVITY (PAAA) Heuristic
req-heuristic-0858,3,Phase-Aware Timestamp-Weighted EVSIDS (PATWE)
req-heuristic-0859,4,DSR-VMTF: Dynamic Scaled Reward with Variable Move-To-Front Integration
req-heuristic-0860,1,EVSIDS-Recency Hybrid (ERH): Conflict-Recency Weighted Branching
req-heuristic-0861,0,Phase-Aware Conflict History Branching (PACHB)
req-heuristic-0862,4,Hybrid Adaptive Recent-Conflict Activity (HARCA)
req-heuristic-0863,0,Reinforced Adaptive Phase-Impact Scoring (RAPIS)
req-heuristic-0864,0,REACTIV (REcent Activity and Conflict Timestamp Integrated Variable selection)
req-heuristic-0865,0,SCORE-FUSE: Phase- and Recency-Fused Activity Heuristic
req-heuristic-0866,4,"DASH: Dynamic Activity, Staleness, and History heuristic"
req-heuristic-0867,4,Phase-Adaptive Activity-Recency (PAAR) Heuristic
req-heuristic-0868,1,STAGE: Stability- and Timestamp-Guided EVSIDS Branching
req-heuristic-0869,3,EVSIDS-Phase Momentum (EPM) Heuristic
req-heuristic-0870,6,RECENT-SPIKE: Recency-Enhanced Conflict and Phase-Influence Scoring
req-heuristic-0871,5,REVSIDS-QM: Recency-Enhanced VSIDS with Queue-Momentum
req-heuristic-0872,1,EVSIDS-Bump Hybrid with Adaptive Conflict-Bias (EBA-CB)
req-heuristic-0873,6,RECENT-CONFLICT-BIASED EVSIDS (RCB-EVSIDS)
req-heuristic-0874,3,RECSAT: Recency-Enhanced Conflict Score Adaptive Heuristic
req-heuristic-0875,4,EVSIDS-Timestamp Hybrid (ETH) Branching Heuristic
req-heuristic-0876,5,EVSIDS-Burst Queue Hybrid (EBQH)
req-heuristic-0877,4,EVSIDS-QBF: Queue-Boosted EVSIDS with Phase Reinforcement
req-heuristic-0878,4,DynaPhase-Recency Score (DPRS)
req-heuristic-0879,1,PHASED RECENCY-BOOSTED EVSIDS (PRB-EVSIDS)
req-heuristic-0880,1,Phase-Adaptive Timestamped Activity (PATA) Heuristic
req-heuristic-0881,0,Phase-Aware Conflict-Temporal Scoring (PACTS) Heuristic
req-heuristic-0882,3,E3VSIDS: Entropy-Enhanced Exponential VSIDS
req-heuristic-0883,4,PHaST: Phase- and History-Aware Scoring with Timestamps
req-heuristic-0884,0,Staged Activity & Recency Ensemble (SARE) Heuristic
req-heuristic-0885,0,RESTART-AWARE MULTI-SIGNAL ACTIVITY (RAMSA) Heuristic
req-heuristic-0886,1,EVSIDS-QBF: Queue-Boosted Frequency-Sensitive Branching
req-heuristic-0887,4,RAMPAGE: Recency-Activity Multiplexed Prioritized Adaptive Guided Exploration
req-heuristic-0888,0,Phase-Aware Adaptive Recency Activity (PARA)
req-heuristic-0889,0,REACTIVSIDS: Recency- and Activity-Integrated EVSIDS
req-heuristic-0890,4,REACTIV: Recency- and Activity-Integrated Variable Scoring
req-heuristic-0891,1,EVSIDS-MTF Hybrid (EMH): Recency-Weighted Conflict Activity Heuristic
req-heuristic-0892,6,RECAPS – Recency and EVSIDS Coupled Adaptive Phase Selection
req-heuristic-0893,1,EVSIDS-Recency Weighted Sampling (ERWS)
req-heuristic-0894,0,RECENT-IMPACTED STABILIZED ACTIVITY (RISA)
req-heuristic-0895,4,Phase-Aware Conflict History-Based Activity (PCHB) Heuristic
req-heuristic-0896,6,EVCB: Exponential Variable Conflict & Bump Heuristic
req-heuristic-0897,5,Phase-Aware Timestamped Activity Selection (PATAS)
req-heuristic-0898,1,EVSIDS-Recency Hybrid (ERH) Heuristic
req-heuristic-0899,4,Phase-Aware EVSIDS-Recency Hybrid (PAERH)
req-heuristic-0900,4,DynaPhase-EVSIDS Hybrid (DPEH) Heuristic
req-heuristic-0902,4,Phase-Adaptive Timestamped Activity (PATA) Heuristic
req-heuristic-0903,1,Phase-Weighted Activity with Recency Boost (PWARB)
req-heuristic-0904,4,"DASVS: Dual-Activity, Stability-Weighted Variable Selection"
req-heuristic-0905,6,Phase-Adaptive Conflict-Queue Scoring (PACQS)
req-heuristic-0906,3,RECHARGE: Recency-Enhanced Conflict & History Aware Greedy Evaluation
req-heuristic-0907,4,RELEVANT-EVSIDS: Recency and EVSIDS Hybrid Branching
req-heuristic-0908,1,RECHARGE: Recency-Conflict Hybrid Activity with Recency-Gated Exploration
req-heuristic-0909,0,RECAPS: Recency- and EVSIDS-Combined Adaptive Phase-Scoring
req-heuristic-0910,5,STAGE: Stable-Adaptive Greedy Exploration
req-heuristic-0911,1,DASH: Dynamic Activity-Stability Hybrid
req-heuristic-0912,0,PHASED-EVSIDS-RECENCY (PER) Heuristic
req-heuristic-0913,4,REACTIVSIDS: Recency- and Activity-Integrated Variable Selection with Implicit Decay and Phase Awareness
req-heuristic-0914,4,"R3VSIDS: Recency-Refined, Recency-Weighted VSIDS"
req-heuristic-0915,3,RECAPS: REcent Conflict Activity and Phase-Synchronization Heuristic
req-heuristic-0917,3,DYNASCORE: Dynamic Activity–Recency–Phase Hybrid Heuristic
req-heuristic-0918,4,Phase-Conflict Balanced Activity (PCBA) Heuristic
req-heuristic-0919,1,Staged Activity-Timestamp Hybrid (SATH) Branching
req-heuristic-0920,0,Phase-Adaptive Conflict-Boosted Scoring (PACBS)
req-heuristic-0921,1,EVSBUMP Hybrid Activity Heuristic (EVAH)
req-heuristic-0922,2,Stability-Aware EVSIDS/Recency Hybrid (SAERH)
req-heuristic-0923,1,Phase-Aware Recency-Weighted EVSIDS (PA-RWEVSIDS)
req-heuristic-0924,0,RECENT-ACT: Recency-Weighted EVSIDS Branching
req-heuristic-0925,4,EVT (EVSIDS-Recency-Time) Hybrid Branching
req-heuristic-0926,3,Reinforced Temporal Activity Scoring (ReTAS)
req-heuristic-0927,1,REASSIGN: Recency-Enhanced Activity-Sensitive Selection
req-heuristic-0928,4,RVSIDS-QB: Recency-Weighted VSIDS with Queue Bump
req-heuristic-0929,1,Dual-Phase Adaptive Timestamped Activity (DATSA) Heuristic
req-heuristic-0930,1,EVSIDS-BurstScore (EBS): Recency-Augmented Activity Heuristic
req-heuristic-0931,1,EVSIDS-Lifetime Hybrid (ELH) Branching Heuristic
req-heuristic-0932,5,Phase-Aware Hybrid Activity (PHA) Heuristic
req-heuristic-0933,1,RECENT-IMPACT Adaptive Branching (RIAB)
req-heuristic-0934,0,PHASE-AWARE DYNAMIC ACTIVITY (PADA) Heuristic
req-heuristic-0935,1,Reconflict-Weighted Timestamp Heuristic (ReWiT)
req-heuristic-0936,4,Hybrid Activity-Recency Adaptive Branching (HARA)
req-heuristic-0937,4,PHASED-EVSIDS/RECENCY Hybrid (PERCH) Branching Heuristic
req-heuristic-0938,5,EVSIDS-Front Hybrid (EFH) Branching Heuristic
req-heuristic-0939,4,Phase-Guided Recency-Weighted EVSIDS (PGR-EVSIDS)
req-heuristic-0940,6,RECAPS – Recency- and Conflict-Aware Phase-Scored Branching
req-heuristic-0941,4,Stabilized Conflict-Phase Importance (SCPI) Heuristic
req-heuristic-0942,6,EVSIDS-MTF Hybrid with Phase-Aware Decay (EMPD)
req-heuristic-0943,3,EVSIDS-Recency Hybrid (ERH) Heuristic
req-heuristic-0944,4,Phase-Aware Recency-Weighted EVSIDS (PAREVSIDS)
req-heuristic-0945,1,EVSIDS-Recency Hybrid (ERH): Recency-Boosted Activity Branching
req-heuristic-0946,0,Diversity-Weighted Adaptive Activity (DWAA) Heuristic
req-heuristic-0947,0,Phase-Aware Temporal Activity (PATA) Branching Heuristic
req-heuristic-0948,1,REACTIVS: Recency and Activity Combined Variable Selection
req-heuristic-0949,4,REVSQUID – Recency-Enhanced Variable Scoring with Queue and Unassigned Impact Dynamics
req-heuristic-0950,4,CLARISSA: Conflict- and Locality-Aware Re-Inforcement Scoring with Stable Switching Assignment
req-heuristic-0951,0,Phase-Aware Temporal Activity (PATA) Heuristic
req-heuristic-0952,4,Dual-Phase Timestamp-Weighted EVSIDS (DPT-EVSIDS)
req-heuristic-0953,4,RECAPS: Recency-and-Conflict Adaptive Phase-Scoring
req-heuristic-0954,0,Phase-Aware Conflict-Temporal Scoring (PACTS)
req-heuristic-0955,4,Recency-Weighted EVSIDS (RW-EVSIDS) Heuristic
req-heuristic-0956,1,REVSBR: Recency-Enhanced Variable Scoring with Bump Reactivity
req-heuristic-0957,1,EVSIDS-Timestamp Hybrid (ETH) Branching Heuristic
req-heuristic-0959,6,Phase-Aware Temporal Activity (PATA) Heuristic
req-heuristic-0960,3,PHASED-QUICKIMPACT: Phase-Adaptive Impact Score Branching
req-heuristic-0961,1,EVSIDS-Bump Hybrid with Adaptive Recency (EBHAR)
req-heuristic-0962,4,Phase-Weighted Temporal Impact Selection (PWTIS)
req-heuristic-0963,0,Phase-Aware Timestamped EVSIDS (PATEVSIDS)
req-heuristic-0964,3,Recency-Weighted EVSIDS (RW-EVSIDS) Heuristic
req-heuristic-0965,4,Conflict-Phase Adaptive EVSIDS (CPAE)
req-heuristic-0966,6,EVSIDS-Bump-Aware Phase-Targeted Branching (EBPTB)
req-heuristic-0967,3,PHASE-AWARE HYBRID ACTIVITY (PHA)
req-heuristic-0968,2,Phase-Adaptive Temporal-EVSIDS (PAT-EVSIDS)
req-heuristic-0969,1,AVR-GLUE: Adaptive Variable Ranking with Global Learning Utility Enhancement
req-heuristic-0970,0,Phase-Aware Conflict-Impact Score (PACIS) Heuristic
req-heuristic-0971,6,EVSIDS-Recency Hybrid Branch (ERHB)
req-heuristic-0972,5,Conflict-Phase Adaptive Timestamped Scoring (CPATS)
req-heuristic-0973,4,EVSIDS-Recency Hybrid (ERH) Branching Heuristic
req-heuristic-0974,0,RESTART-AWARE PHASED ACTIVITY QUEUE (RAPAQ)
req-heuristic-0975,0,RISS (Recency-Impact-Stability Scoring) Heuristic
req-heuristic-0976,0,EVSIDS-Recency Hybrid (ERH) Branching Heuristic
req-heuristic-0977,0,Dynamic Phase-Aware Conflict-Weighted EVSIDS (DPAC-EVSIDS)
req-heuristic-0978,4,Phase-Adaptive Conflict-Temporal Scoring (PACT)
req-heuristic-0979,0,EVSIDS-Burst Hybrid Heuristic (EBH): Conflict-Weighted Recency Branching
req-heuristic-0980,1,RECAPS: Recency-Enhanced Conflict Activity and Phase Stabilization
req-heuristic-0981,4,PHASE-AWARE RECENCY-BOOSTED EVSIDS (PAREB-EVSIDS)
req-heuristic-0982,3,Conflict History Weighted EVSIDS (CHW-EVSIDS)
req-heuristic-0983,0,Phase-Aware Adaptive Recency & Activity (PARA)
req-heuristic-0984,3,ASVAB: Adaptive Stable-Volatile Activity Blending
req-heuristic-0985,1,RECAPS: Recent Conflict-Aware Phase-Sensitive Branching
req-heuristic-0986,0,DYNASCORE: Dynamic Activity & Recency Score Fusion Heuristic
req-heuristic-0987,6,Phase-Aware Temporal Activity Selection (PATAS)
req-heuristic-0988,1,PHASE-ADAPTIVE RECENCY-ACTIVITY (PARA) Heuristic
req-heuristic-0989,1,PHASE-AWARE RECENCY-BOOSTED EVSIDS (PARE)
req-heuristic-0990,4,Conflict-Weighted Timestamp Learning (CWTL)
req-heuristic-0991,0,Dynamic Conflict-Phase Weighted Score (DCPWS) Heuristic
req-heuristic-0992,0,Phase-Aware Conflict Temporal Scoring (PACTS)
req-heuristic-0993,6,EVLMTF: Exponentially-Weighted Variable Learning & Move-To-Front Heuristic
req-heuristic-0994,6,EVSIDS-Bump Hybrid with Dynamic Recency Boost (EBDRB)
req-heuristic-0995,0,EVSIDS-Bump Fusion (EBF) Heuristic
req-heuristic-0996,0,Phase-Guided Conflict Score (PGCS) Heuristic
req-heuristic-0997,1,STAB-MTF: Stability-Driven Activity and Move-To-Front Hybrid Heuristic
req-heuristic-0998,5,EVSIDS-Recency Adaptive Branching (ERAB)
req-heuristic-0999,1,STRIDE: Stability-Tuned Recency-Integrated Dynamic EVSIDS
req-heuristic-1000,4,---
